Sample_ID,Sample_Name,Fastq.Read.1.File,Fastq.Read.2.File,ML,TRT,Combos,Comment
1,734P,S1,734P_S1_L001_R1_001.fastq,734P_S1_L001_R2_001.fastq,PA4.14Ip,Alone,NA,
2,115P,S2,115P_S2_L001_R1_001.fastq,115P_S2_L001_R2_001.fastq,PA4.13Ip,Alone,NA,
3,619P,S3,619P_S3_L001_R1_001.fastq,619P_S3_L001_R2_001.fastq,PA4.19Ip,Inter,PA 4.19 Ip-PA 4.12 Ihed,
4,755P,S4,755P_S4_L001_R1_001.fastq,755P_S4_L001_R2_001.fastq,PA4.13Ip,Inter,PA 4.13 Ip-PA 4.3 Ihed,
5,674P,S5,674P_S5_L001_R1_001.fastq,674P_S5_L001_R2_001.fastq,PA4.11Ip,Alone,NA,
6,769AP,S6,769AP_S6_L001_R1_001.fastq,769AP_S6_L001_R2_001.fastq,PA4.13Ip,Inter,PA 4.13 Ip-PA 4.2 Ihed,
7,814P,S7,814P_S7_L001_R1_001.fastq,814P_S7_L001_R2_001.fastq,PA4.11Ip,Alone,NA,
8,841P,S8,841P_S8_L001_R1_001.fastq,841P_S8_L001_R2_001.fastq,PA4.2Ip,Inter,PA 4.2 Ip-PA 4.3 Ihed,
9,777AP,S9,777AP_S9_L001_R1_001.fastq,777AP_S9_L001_R2_001.fastq,PA4.16Ip,Inter,PA 4.16 Ip-PA 4.2 Ihed,
10,671AP,S10,671AP_S10_L001_R1_001.fastq,671AP_S10_L001_R2_001.fastq,PA4.16Ip,Inter,PA 4.16 Ip-PA 4.2 Ihed,
11,759P,S11,759P_S11_L001_R1_001.fastq,759P_S11_L001_R2_001.fastq,PA4.14Ip,Alone,NA,
12,740P,S12,740P_S12_L001_R1_001.fastq,740P_S12_L001_R2_001.fastq,PA4.15Ip,Alone,NA,
13,672P,S13,672P_S13_L001_R1_001.fastq,672P_S13_L001_R2_001.fastq,PA4.2Ip,Inter,PA 4.2 Ip-PA 4.3 Ihed,
14,632P,S14,632P_S14_L001_R1_001.fastq,632P_S14_L001_R2_001.fastq,PA4.19Ip,Inter,PA 4.19 Ip-PA 4.3 Ihed,
15,727AP,S15,727AP_S15_L001_R1_001.fastq,727AP_S15_L001_R2_001.fastq,PA4.14Ip,Inter,PA 4.14 Ip-PA 4.15 Ihed,
16,331P,S16,331P_S16_L001_R1_001.fastq,331P_S16_L001_R2_001.fastq,PA4.14Ip,Inter,PA 4.14 Ip-PA 4.3 Ihed,
17,272P,S17,272P_S17_L001_R1_001.fastq,272P_S17_L001_R2_001.fastq,PA4.16Ip,Inter,PA 4.16 Ip-PA 4.12 Ihed,
18,789P,S18,789P_S18_L001_R1_001.fastq,789P_S18_L001_R2_001.fastq,PA4.14Ip,Inter,PA 4.14 Ip-PA 4.12 Ihed,
19,387P,S19,387P_S19_L001_R1_001.fastq,387P_S19_L001_R2_001.fastq,PA4.17Ip,Inter,PA 4.17 Ip-PA 4.12 Ihed,
20,331AP,S20,331AP_S20_L001_R1_001.fastq,331AP_S20_L001_R2_001.fastq,PA4.19Ip,Inter,PA 4.19 Ip-PA 4.15 Ihed,
21,602P,S21,602P_S21_L001_R1_001.fastq,602P_S21_L001_R2_001.fastq,PA4.19Ip,Inter,PA 4.19 Ip-PA 4.12 Ihed,
22,296P,S22,296P_S22_L001_R1_001.fastq,296P_S22_L001_R2_001.fastq,PA4.13Ip,Inter,PA 4.13 Ip-PA 4.12 Ihed,
23,844H,S23,844H_S23_L001_R1_001.fastq,844H_S23_L001_R2_001.fastq,PA4.15Ihed,Inter,PA 4.17 Ip-PA 4.15 Ihed,
24,693P,S24,693P_S24_L001_R1_001.fastq,693P_S24_L001_R2_001.fastq,PA4.15Ip,Inter,PA 4.15 Ip-PA 4.3 Ihed,
25,725AP,S25,725AP_S25_L001_R1_001.fastq,725AP_S25_L001_R2_001.fastq,PA4.17Ip,Inter,PA 4.17 Ip-PA 4.15 Ihed,
26,742P,S26,742P_S26_L001_R1_001.fastq,742P_S26_L001_R2_001.fastq,PA4.19Ip,Inter,PA 4.19 Ip-PA 4.15 Ihed,
27,117AP,S27,117AP_S27_L001_R1_001.fastq,117AP_S27_L001_R2_001.fastq,PA4.18Ip,Inter,PA 4.18 Ip-PA 4.15 Ihed,
28,463H,S28,463H_S28_L001_R1_001.fastq,463H_S28_L001_R2_001.fastq,PA4.3Ihed,Inter,PA 4.11 Ip-PA 4.3 Ihed,
29,94H,S29,94H_S29_L001_R1_001.fastq,94H_S29_L001_R2_001.fastq,PA4.12Ihed,Inter,PA 4.18 Ip-PA 4.12 Ihed,
30,861H,S30,861H_S30_L001_R1_001.fastq,861H_S30_L001_R2_001.fastq,PA4.12Ihed,Inter,PA 4.13 Ip-PA 4.12 Ihed,
31,835H,S31,835H_S31_L001_R1_001.fastq,835H_S31_L001_R2_001.fastq,PA4.12Ihed,Inter,PA 4.15 Ip-PA 4.12 Ihed,
32,23AH,S32,23AH_S32_L001_R1_001.fastq,23AH_S32_L001_R2_001.fastq,PA4.15Ihed,Inter,PA 4.17 Ip-PA 4.15 Ihed,
33,248P,S33,248P_S33_L001_R1_001.fastq,248P_S33_L001_R2_001.fastq,PA4.17Ip,Inter,PA 4.17 Ip-PA 4.12 Ihed,
34,248H,S34,248H_S34_L001_R1_001.fastq,248H_S34_L001_R2_001.fastq,PA4.12Ihed,Inter,PA 4.17 Ip-PA 4.12 Ihed,
35,21P,S35,21P_S35_L001_R1_001.fastq,21P_S35_L001_R2_001.fastq,PA4.11Ip,Inter,PA 4.11 Ip-PA 4.3 Ihed,
36,104P,S36,104P_S36_L001_R1_001.fastq,104P_S36_L001_R2_001.fastq,PA4.14Ip,Inter,PA 4.14 Ip-PA 4.3 Ihed,
37,94P,S37,94P_S37_L001_R1_001.fastq,94P_S37_L001_R2_001.fastq,PA4.18Ip,Inter,PA 4.18 Ip-PA 4.12 Ihed,
38,83AH,S38,83AH_S38_L001_R1_001.fastq,83AH_S38_L001_R2_001.fastq,PA4.15Ihed,Inter,PA 4.16 Ip-PA 4.15 Ihed,
39,103P,S39,103P_S39_L001_R1_001.fastq,103P_S39_L001_R2_001.fastq,PA4.18Ip,Inter,PA 4.18 Ip-PA 4.12 Ihed,
40,857AH,S40,857AH_S40_L001_R1_001.fastq,857AH_S40_L001_R2_001.fastq,PA4.15Ihed,Inter,PA 4.16 Ip-PA 4.15 Ihed,
41,914H,S41,914H_S41_L001_R1_001.fastq,914H_S41_L001_R2_001.fastq,PA4.15Ihed,Inter,PA 4.19 Ip-PA 4.15 Ihed,
42,583H,S42,583H_S42_L001_R1_001.fastq,583H_S42_L001_R2_001.fastq,PA4.12Ihed,Inter,PA 4.15 Ip-PA 4.12 Ihed,
43,789H,S43,789H_S43_L001_R1_001.fastq,789H_S43_L001_R2_001.fastq,PA4.12Ihed,Inter,PA 4.14 Ip-PA 4.12 Ihed,
44,356H,S44,356H_S44_L001_R1_001.fastq,356H_S44_L001_R2_001.fastq,PA4.12Ihed,Inter,PA 4.17 Ip-PA 4.12 Ihed,
45,375AH,S45,375AH_S45_L001_R1_001.fastq,375AH_S45_L001_R2_001.fastq,PA4.15Ihed,Inter,PA 4.16 Ip-PA 4.15 Ihed,
46,746H,S46,746H_S46_L001_R1_001.fastq,746H_S46_L001_R2_001.fastq,PA4.12Ihed,Inter,PA 4.18 Ip-PA 4.12 Ihed,
47,331AH,S47,331AH_S47_L001_R1_001.fastq,331AH_S47_L001_R2_001.fastq,PA4.15Ihed,Inter,PA 4.19 Ip-PA 4.15 Ihed,
48,716H,S48,716H_S48_L001_R1_001.fastq,716H_S48_L001_R2_001.fastq,PA4.2Ihed,Inter,PA 4.18 Ip-PA 4.2 Ihed,
49,727AH,S49,727AH_S49_L001_R1_001.fastq,727AH_S49_L001_R2_001.fastq,PA4.15Ihed,Inter,PA 4.14 Ip-PA 4.15 Ihed,
50,719AH,S50,719AH_S50_L001_R1_001.fastq,719AH_S50_L001_R2_001.fastq,PA4.2Ihed,Inter,PA 4.16 Ip-PA 4.2 Ihed,
51,699AH,S51,699AH_S51_L001_R1_001.fastq,699AH_S51_L001_R2_001.fastq,PA4.2Ihed,Inter,PA 4.13 Ip-PA 4.2 Ihed,
52,339AH,S52,339AH_S52_L001_R1_001.fastq,339AH_S52_L001_R2_001.fastq,PA4.15Ihed,Inter,PA 4.14 Ip-PA 4.15 Ihed,
53,754BH,S53,754BH_S53_L001_R1_001.fastq,754BH_S53_L001_R2_001.fastq,PA4.15Ihed,Inter,PA 4.11 Ip-PA 4.15 Ihed,
54,657H,S54,657H_S54_L001_R1_001.fastq,657H_S54_L001_R2_001.fastq,PA4.3Ihed,Inter,PA 4.19 Ip-PA 4.3 Ihed,
55,672H,S55,672H_S55_L001_R1_001.fastq,672H_S55_L001_R2_001.fastq,PA4.3Ihed,Inter,PA 4.2 Ip-PA 4.3 Ihed,
56,755H,S56,755H_S56_L001_R1_001.fastq,755H_S56_L001_R2_001.fastq,PA4.3Ihed,Inter,PA 4.13 Ip-PA 4.3 Ihed,
57,632H,S57,632H_S57_L001_R1_001.fastq,632H_S57_L001_R2_001.fastq,PA4.3Ihed,Inter,PA 4.19 Ip-PA 4.3 Ihed,
58,673AH,S58,673AH_S58_L001_R1_001.fastq,673AH_S58_L001_R2_001.fastq,PA4.15Ihed,Inter,PA 4.11 Ip-PA 4.15 Ihed,
59,736AH,S59,736AH_S59_L001_R1_001.fastq,736AH_S59_L001_R2_001.fastq,#N/A,#N/A,#N/A,Remove
60,360H,S60,360H_S60_L001_R1_001.fastq,360H_S60_L001_R2_001.fastq,PA4.3Ihed,Inter,PA 4.18 Ip-PA 4.3 Ihed,
61,389AH,S61,389H_S61_L001_R1_001.fastq,389H_S61_L001_R2_001.fastq,PA4.15Ihed,Inter,PA 4.18 Ip-PA 4.15 Ihed,Remove idk if it is 389AH
62,373AH,S62,373AH_S62_L001_R1_001.fastq,373AH_S62_L001_R2_001.fastq,PA4.2Ihed,Inter,PA 4.16 Ip-PA 4.2 Ihed,
63,483H,S63,483H_S63_L001_R1_001.fastq,483H_S63_L001_R2_001.fastq,PA4.12Ihed,Inter,PA 4.2 Ip-PA 4.12 Ihed,
64,901P,S64,901P_S64_L001_R1_001.fastq,901P_S64_L001_R2_001.fastq,PA4.16Ip,Inter,PA 4.16 Ip-PA 4.12 Ihed,
65,875AP,S65,875AP_S65_L001_R1_001.fastq,875AP_S65_L001_R2_001.fastq,PA4.18Ip,Inter,PA 4.18 Ip-PA 4.15 Ihed,
66,491H,S66,491H_S66_L001_R1_001.fastq,491H_S66_L001_R2_001.fastq,PA4.12Ihed,Inter,PA 4.14 Ip-PA 4.12 Ihed,
67,440P,S67,440P_S67_L001_R1_001.fastq,440P_S67_L001_R2_001.fastq,PA4.18Ip,Alone,NA,
68,478P,S68,478P_S68_L001_R1_001.fastq,478P_S68_L001_R2_001.fastq,PA4.2Ip,Alone,NA,
69,13AH,S69,13H_S69_L001_R1_001.fastq,13H_S69_L001_R2_001.fastq,PA4.2Ihed,Inter,PA 4.2 Ip-PA 4.2 Ihed, idk if it is 13AH
70,15H,S70,15H_S70_L001_R1_001.fastq,15H_S70_L001_R2_001.fastq,PA4.3Ihed,Inter,PA 4.13 Ip-PA 4.3 Ihed,
71,13AP,S71,13P_S71_L001_R1_001.fastq,13P_S71_L001_R2_001.fastq,PA4.2Ip,Inter,PA 4.2 Ip-PA 4.2 Ihed, idk if it is 13AP
72,20P,S72,20P_S72_L001_R1_001.fastq,20P_S72_L001_R2_001.fastq,PA4.17Ip,Inter,PA 4.17 Ip-PA 4.3 Ihed,
73,8H,S73,8H_S73_L001_R1_001.fastq,8H_S73_L001_R2_001.fastq,PA4.3Ihed,Inter,PA 4.17 Ip-PA 4.3 Ihed,
74,31AH,S74,31H_S74_L001_R1_001.fastq,31H_S74_L001_R2_001.fastq,PA4.15Ihed,Inter,PA 4.11 Ip-PA 4.15 Ihed, idk if it is 31AH
75,461P,S75,461P_S75_L001_R1_001.fastq,461P_S75_L001_R2_001.fastq,PA4.1Ip,Inter,PA 4.1 Ip-PA 4.3 Ihed,
76,21H,S76,21H_S76_L001_R1_001.fastq,21H_S76_L001_R2_001.fastq,PA4.3Ihed,Inter,PA 4.11 Ip-PA 4.3 Ihed,
77,461AH,S77,461AH_S77_L001_R1_001.fastq,461AH_S77_L001_R2_001.fastq,PA4.15Ihed,Inter,PA 4.2 Ip-PA 4.15 Ihed,
78,42P,S78,42P_S78_L001_R1_001.fastq,42P_S78_L001_R2_001.fastq,PA4.17Ip,Alone,NA,
79,547P,S79,547P_S79_L001_R1_001.fastq,547P_S79_L001_R2_001.fastq,PA4.13Ip,Alone,NA,
80,528P,S80,528P_S80_L001_R1_001.fastq,528P_S80_L001_R2_001.fastq,PA4.19Ip,Alone,NA,
81,542H,S81,542H_S81_L001_R1_001.fastq,542H_S81_L001_R2_001.fastq,PA4.3Ihed,Inter,PA 4.13 Ip-PA 4.3 Ihed,
82,525P,S82,525P_S82_L001_R1_001.fastq,525P_S82_L001_R2_001.fastq,PA4.18Ip,Alone,NA,
83,542P,S83,542P_S83_L001_R1_001.fastq,542P_S83_L001_R2_001.fastq,PA4.13Ip,Inter,PA 4.13 Ip-PA 4.3 Ihed,
84,557H,S84,557H_S84_L001_R1_001.fastq,557H_S84_L001_R2_001.fastq,PA4.3Ihed,Inter,PA 4.18 Ip-PA 4.3 Ihed,
85,296H,S85,296H_S85_L001_R1_001.fastq,296H_S85_L001_R2_001.fastq,PA4.12Ihed,Inter,PA 4.13 Ip-PA 4.12 Ihed,
86,149AP,S86,149AP_S86_L001_R1_001.fastq,149AP_S86_L001_R2_001.fastq,PA4.13Ip,Inter,PA 4.13 Ip-PA 4.2 Ihed,
87,89AH,S87,89AH_S87_L001_R1_001.fastq,89AH_S87_L001_R2_001.fastq,PA4.15Ihed,Inter,PA 4.14 Ip-PA 4.15 Ihed,
88,725AH,S88,725AH_S88_L001_R1_001.fastq,725AH_S88_L001_R2_001.fastq,PA4.15Ihed,Inter,PA 4.17 Ip-PA 4.15 Ihed,
89,721AH,S89,721H_S89_L001_R1_001.fastq,721H_S89_L001_R2_001.fastq,PA4.2Ihed,Inter,PA 4.2 Ip-PA 4.2 Ihed,idk if it is 721AH
90,671AH,S90,671AH_S90_L001_R1_001.fastq,671AH_S90_L001_R2_001.fastq,PA4.2Ihed,Inter,PA 4.16 Ip-PA 4.2 Ihed,
91,149AH,S91,149AH_S91_L001_R1_001.fastq,149AH_S91_L001_R2_001.fastq,PA4.2Ihed,Inter,PA 4.13 Ip-PA 4.2 Ihed,
92,657P,S92,657P_S92_L001_R1_001.fastq,657P_S92_L001_R2_001.fastq,PA4.19Ip,Inter,PA 4.19 Ip-PA 4.3 Ihed,
93,754BP,S93,754BP_S93_L001_R1_001.fastq,754BP_S93_L001_R2_001.fastq,PA4.11Ip,Inter,PA 4.11 Ip-PA 4.15 Ihed,
94,673AP,S94,673AP_S94_L001_R1_001.fastq,673AP_S94_L001_R2_001.fastq,PA4.11Ip,Inter,PA 4.11 Ip-PA 4.15 Ihed,
95,Zymopost_plateC,S95,Zymopost_plateC_S95_L001_R1_001.fastq,Zymopost_plateC_S95_L001_R2_001.fastq,Control,Control,Control,
96,Water_neg_plateC,S96,Water_neg_plateC_S96_L001_R1_001.fastq,Water_neg_plateC_S96_L001_R2_001.fastq,Control,Control,Control,
97,8P,S97,8P_S97_L001_R1_001.fastq,8P_S97_L001_R2_001.fastq,PA4.17Ip,Inter,PA 4.17 Ip-PA 4.3 Ihed,
98,442P,S98,442P_S98_L001_R1_001.fastq,442P_S98_L001_R2_001.fastq,PA4.15Ip,Alone,NA,
99,20H,S99,20H_S99_L001_R1_001.fastq,20H_S99_L001_R2_001.fastq,PA4.3Ihed,Inter,PA 4.17 Ip-PA 4.3 Ihed,
100,234P,S100,234P_S100_L001_R1_001.fastq,234P_S100_L001_R2_001.fastq,PA4.16Ip,Alone,NA,
101,232H,S101,232H_S101_L001_R1_001.fastq,232H_S101_L001_R2_001.fastq,PA4.3Ihed,Inter,PA 4.19 Ip-PA 4.3 Ihed,
102,212P,S102,212P_S102_L001_R1_001.fastq,212P_S102_L001_R2_001.fastq,PA4.16Ip,Alone,NA,
103,232P,S103,232P_S103_L001_R1_001.fastq,232P_S103_L001_R2_001.fastq,PA4.19Ip,Inter,PA 4.19 Ip-PA 4.3 Ihed,
104,25H,S104,25H_S104_L001_R1_001.fastq,25H_S104_L001_R2_001.fastq,PA4.7Ihed,Inter,PA 4.1 Ip-PA 4.7 Ihed,
105,35P,S105,35P_S105_L001_R1_001.fastq,35P_S105_L001_R2_001.fastq,PA4.18Ip,Inter,PA 4.18 Ip-PA 4.3 Ihed,
106,93AH,S106,93AH_S106_L001_R1_001.fastq,93AH_S106_L001_R2_001.fastq,PA4.15Ihed,Inter,PA 4.11 Ip-PA 4.15 Ihed,
107,89AP,S107,89AP_S107_L001_R1_001.fastq,89AP_S107_L001_R2_001.fastq,PA4.14Ip,Inter,PA 4.14 Ip-PA 4.15 Ihed,
108,93AP,S108,93AP_S108_L001_R1_001.fastq,93AP_S108_L001_R2_001.fastq,PA4.11Ip,Inter,PA 4.11 Ip-PA 4.15 Ihed,
109,84P,S109,84P_S109_L001_R1_001.fastq,84P_S109_L001_R2_001.fastq,PA4.11Ip,Alone,NA,
110,86P,S110,86P_S110_L001_R1_001.fastq,86P_S110_L001_R2_001.fastq,PA4.18Ip,Alone,NA,
111,442AP,S111,442AP_S111_L001_R1_001.fastq,442AP_S111_L001_R2_001.fastq,#N/A,#N/A,#N/A,Remove
112,914P,S112,914P_S112_L001_R1_001.fastq,914P_S112_L001_R2_001.fastq,PA4.19Ip,Inter,PA 4.19 Ip-PA 4.15 Ihed,
113,964P,S113,964P_S113_L001_R1_001.fastq,964P_S113_L001_R2_001.fastq,PA4.19Ip,Alone,NA,
114,875AH,S114,875AH_S114_L001_R1_001.fastq,875AH_S114_L001_R2_001.fastq,PA4.15Ihed,Inter,PA 4.18 Ip-PA 4.15 Ihed,
115,901H,S115,901H_S115_L001_R1_001.fastq,901H_S115_L001_R2_001.fastq,PA4.12Ihed,Inter,PA 4.16 Ip-PA 4.12 Ihed,
116,959H,S116,959H_S116_L001_R1_001.fastq,959H_S116_L001_R2_001.fastq,PA4.12Ihed,Inter,PA 4.15 Ip-PA 4.12 Ihed,
117,959P,S117,959P_S117_L001_R1_001.fastq,959P_S117_L001_R2_001.fastq,PA4.15Ip,Inter,PA 4.15 Ip-PA 4.12 Ihed,
118,951P,S118,951P_S118_L001_R1_001.fastq,951P_S118_L001_R2_001.fastq,PA4.2Ip,Alone,NA,
119,907P,S119,907P_S119_L001_R1_001.fastq,907P_S119_L001_R2_001.fastq,PA4.18Ip,Alone,NA,
120,930P,S120,930P_S120_L001_R1_001.fastq,930P_S120_L001_R2_001.fastq,PA4.15Ip,Alone,NA,
121,841H,S121,841H_S121_L001_R1_001.fastq,841H_S121_L001_R2_001.fastq,PA4.3Ihed,Inter,PA 4.2 Ip-PA 4.3 Ihed,
122,910P,S122,910P_S122_L001_R1_001.fastq,910P_S122_L001_R2_001.fastq,PA4.14Ip,Alone,NA,
123,360P,S123,360P_S123_L001_R1_001.fastq,360P_S123_L001_R2_001.fastq,PA4.18Ip,Inter,PA 4.18 Ip-PA 4.3 Ihed,
124,777AH,S124,777AH_S124_L001_R1_001.fastq,777AH_S124_L001_R2_001.fastq,PA4.2Ihed,Inter,PA 4.16 Ip-PA 4.2 Ihed,
125,769AH,S125,769AH_S125_L001_R1_001.fastq,769AH_S125_L001_R2_001.fastq,PA4.2Ihed,Inter,PA 4.13 Ip-PA 4.2 Ihed,
126,591H,S126,591H_S126_L001_R1_001.fastq,591H_S126_L001_R2_001.fastq,PA4.12Ihed,Inter,PA 4.2 Ip-PA 4.12 Ihed,
127,826H,S127,826H_S127_L001_R1_001.fastq,826H_S127_L001_R2_001.fastq,PA4.3Ihed,Inter,PA 4.17 Ip-PA 4.3 Ihed,
128,311H,S128,311H_S128_L001_R1_001.fastq,311H_S128_L001_R2_001.fastq,PA4.3Ihed,Inter,PA 4.2 Ip-PA 4.3 Ihed,
129,897P,S129,897P_S129_L001_R1_001.fastq,897P_S129_L001_R2_001.fastq,PA4.2Ip,Inter,PA 4.2 Ip-PA 4.12 Ihed,
130,921P,S130,921P_S130_L001_R1_001.fastq,921P_S130_L001_R2_001.fastq,PA4.17Ip,Inter,PA 4.17 Ip-PA 4.12 Ihed,
131,158P,S131,158P_S131_L001_R1_001.fastq,158P_S131_L001_R2_001.fastq,PA4.11Ip,Alone,NA,
132,389AP,S132,389P_S132_L001_R1_001.fastq,389P_S132_L001_R2_001.fastq,PA4.18Ip,Inter,PA 4.18 Ip-PA 4.15 Ihed,idk if it is 389AP 
133,356P,S133,356P_S133_L001_R1_001.fastq,356P_S133_L001_R2_001.fastq,PA4.17Ip,Inter,PA 4.17 Ip-PA 4.12 Ihed,
134,337AP,S134,337AP_S134_L001_R1_001.fastq,337AP_S134_L001_R2_001.fastq,PA4.18Ip,Inter,PA 4.18 Ip-PA 4.2 Ihed,
135,373AP,S135,373AP_S135_L001_R1_001.fastq,373AP_S135_L001_R2_001.fastq,PA4.16Ip,Inter,PA 4.16 Ip-PA 4.2 Ihed,
136,805P,S136,805P_S136_L001_R1_001.fastq,805P_S136_L001_R2_001.fastq,PA4.15Ip,Inter,PA 4.15 Ip-PA 4.15 Ihed,
137,345P,S137,345P_S137_L001_R1_001.fastq,345P_S137_L001_R2_001.fastq,PA4.17Ip,Alone,NA,
138,339AP,S138,339AP_S138_L001_R1_001.fastq,339AP_S138_L001_R2_001.fastq,PA4.14Ip,Inter,PA 4.14 Ip-PA 4.15 Ihed,
139,812P,S139,812AP_S139_L001_R1_001.fastq,812AP_S139_L001_R2_001.fastq,PA4.19Ip,Inter,PA 4.19 Ip-PA 4.3 Ihed,idk if it is 812P
140,755P,S140,755P_2_S140_L001_R1_001.fastq,755P_2_S140_L001_R2_001.fastq,PA4.13Ip,Inter,PA 4.13 Ip-PA 4.3 Ihed,Duplicate?
141,358P,S141,358P_S141_L001_R1_001.fastq,358P_S141_L001_R2_001.fastq,PA4.16Ip,Alone,NA,
142,311P,S142,311P_S142_L001_R1_001.fastq,311P_S142_L001_R2_001.fastq,PA4.2Ip,Inter,PA 4.2 Ip-PA 4.3 Ihed,
143,419P,S143,419P_S143_L001_R1_001.fastq,419P_S143_L001_R2_001.fastq,PA4.13Ip,Alone,NA,
144,557P,S144,557P_S144_L001_R1_001.fastq,557P_S144_L001_R2_001.fastq,PA4.18Ip,Inter,PA 4.18 Ip-PA 4.3 Ihed,
145,349H,S145,349H_S145_L001_R1_001.fastq,349H_S145_L001_R2_001.fastq,PA4.12Ihed,Inter,PA 4.19 Ip-PA 4.12 Ihed,
146,742H,S146,742H_S146_L001_R1_001.fastq,742H_S146_L001_R2_001.fastq,PA4.15Ihed,Inter,PA 4.19 Ip-PA 4.15 Ihed,
147,661H,S147,661H_S147_L001_R1_001.fastq,661H_S147_L001_R2_001.fastq,PA4.15Ihed,Inter,PA 4.2 Ip-PA 4.15 Ihed,
148,383AH,S148,383H_S148_L001_R1_001.fastq,383H_S148_L001_R2_001.fastq,PA4.15Ihed,Inter,PA 4.17 Ip-PA 4.15 Ihed,idk if it is 383AH
149,143AH,S149,143AH_S149_L001_R1_001.fastq,143AH_S149_L001_R2_001.fastq,PA4.2Ihed,Inter,PA 4.18 Ip-PA 4.2 Ihed,
150,375AP,S150,375AP_S150_L001_R1_001.fastq,375AP_S150_L001_R2_001.fastq,PA4.16Ip,Inter,PA 4.16 Ip-PA 4.15 Ihed,
151,291P,S151,291P_S151_L001_R1_001.fastq,291P_S151_L001_R2_001.fastq,PA4.19Ip,Inter,PA 4.19 Ip-PA 4.12 Ihed,
152,583P,S152,583P_S152_L001_R1_001.fastq,583P_S152_L001_R2_001.fastq,PA4.15Ip,Inter,PA 4.15 Ip-PA 4.12 Ihed,
153,141AH,S153,141AH_S153_L001_R1_001.fastq,141AH_S153_L001_R2_001.fastq,PA4.15Ihed,Inter,PA 4.18 Ip-PA 4.15 Ihed,
154,746P,S154,746P_S154_L001_R1_001.fastq,746P_S154_L001_R2_001.fastq,PA4.18Ip,Inter,PA 4.18 Ip-PA 4.12 Ihed,
155,420P,S155,420P_S155_L001_R1_001.fastq,420P_S155_L001_R2_001.fastq,PA4.13Ip,Inter,PA 4.13 Ip-PA 4.12 Ihed,
156,387H,S156,387H_S156_L001_R1_001.fastq,387H_S156_L001_R2_001.fastq,PA4.12Ihed,Inter,PA 4.17 Ip-PA 4.12 Ihed,
157,43H,S157,43H_S157_L001_R1_001.fastq,43H_S157_L001_R2_001.fastq,PA4.12Ihed,Inter,PA 4.16 Ip-PA 4.12 Ihed,
158,420H,S158,420H_S158_L001_R1_001.fastq,420H_S158_L001_R2_001.fastq,PA4.12Ihed,Inter,PA 4.13 Ip-PA 4.12 Ihed,
159,453P,S159,453P_S159_L001_R1_001.fastq,453P_S159_L001_R2_001.fastq,PA4.11Ip,Inter,PA 4.11 Ip-PA 4.12 Ihed,
160,483P,S160,483P_S160_L001_R1_001.fastq,483P_S160_L001_R2_001.fastq,PA4.2Ip,Inter,PA 4.2 Ip-PA 4.12 Ihed,
161,463P,S161,463P_S161_L001_R1_001.fastq,463P_S161_L001_R2_001.fastq,PA4.11Ip,Inter,PA 4.11 Ip-PA 4.3 Ihed,
162,675AH,S162,675AH_S162_L001_R1_001.fastq,675AH_S162_L001_R2_001.fastq,PA4.15Ihed,Inter,PA 4.19 Ip-PA 4.15 Ihed,
163,124P,S163,124P_S163_L001_R1_001.fastq,124P_S163_L001_R2_001.fastq,PA4.11Ip,Inter,PA 4.11 Ip-PA 4.12 Ihed,
164,602H,S164,602H_S164_L001_R1_001.fastq,602H_S164_L001_R2_001.fastq,PA4.12Ihed,Inter,PA 4.19 Ip-PA 4.12 Ihed,
165,798P,S165,798P_S165_L001_R1_001.fastq,798P_S165_L001_R2_001.fastq,PA4.14Ip,Inter,PA 4.14 Ip-PA 4.3 Ihed,
166,272H,S166,272H_S166_L001_R1_001.fastq,272H_S166_L001_R2_001.fastq,PA4.12Ihed,Inter,PA 4.16 Ip-PA 4.12 Ihed,
167,337AH,S167,337AH_S167_L001_R1_001.fastq,337AH_S167_L001_R2_001.fastq,PA4.2Ihed,Inter,PA 4.18 Ip-PA 4.2 Ihed,
168,383AH,S168,383AH_S168_L001_R1_001.fastq,383AH_S168_L001_R2_001.fastq,PA4.15Ihed,Inter,PA 4.17 Ip-PA 4.15 Ihed,
169,768P,S169,768P_S169_L001_R1_001.fastq,768P_S169_L001_R2_001.fastq,PA4.16Ip,Alone,NA,
170,502P,S170,502P_S170_L001_R1_001.fastq,502P_S170_L001_R2_001.fastq,PA4.19Ip,Inter,PA 4.19 Ip-PA 4.2 Ihed,
171,339P,S171,339P_S171_L001_R1_001.fastq,339P_S171_L001_R2_001.fastq,PA4.15Ip,Inter,PA 4.15 Ip-PA 4.3 Ihed,
172,543P,S172,543P_S172_L001_R1_001.fastq,543P_S172_L001_R2_001.fastq,PA4.16Ip,Inter,PA 4.16 Ip-PA 4.12 Ihed,
173,693H,S173,693H_S173_L001_R1_001.fastq,693H_S173_L001_R2_001.fastq,PA4.3Ihed,Inter,PA 4.15 Ip-PA 4.3 Ihed,
174,857AP,S174,857AP_S174_L001_R1_001.fastq,857AP_S174_L001_R2_001.fastq,PA4.16Ip,Inter,PA 4.16 Ip-PA 4.15 Ihed,
175,349H,S175,349H_2_S175_L001_R1_001.fastq,349H_2_S175_L001_R2_001.fastq,PA4.12Ihed,Inter,PA 4.19 Ip-PA 4.12 Ihed,Duplicate?
176,143AP,S176,143AP_S176_L001_R1_001.fastq,143AP_S176_L001_R2_001.fastq,PA4.18Ip,Inter,PA 4.18 Ip-PA 4.2 Ihed,
177,117AH,S177,117AH_S177_L001_R1_001.fastq,117AH_S177_L001_R2_001.fastq,PA4.15Ihed,Inter,PA 4.18 Ip-PA 4.15 Ihed,
178,844P,S178,844P_S178_L001_R1_001.fastq,844P_S178_L001_R2_001.fastq,PA4.17Ip,Inter,PA 4.17 Ip-PA 4.15 Ihed,
179,861P,S179,861P_S179_L001_R1_001.fastq,861P_S179_L001_R2_001.fastq,PA4.13Ip,Inter,PA 4.13 Ip-PA 4.12 Ihed,
180,155AH,S180,155AH_S180_L001_R1_001.fastq,155AH_S180_L001_R2_001.fastq,PA4.2Ihed,Inter,PA 4.19 Ip-PA 4.2 Ihed,
181,797AP,S181,797AP_S181_L001_R1_001.fastq,797AP_S181_L001_R2_001.fastq,PA4.19Ip,Inter,PA 4.19 Ip-PA 4.2 Ihed,
182,661P,S182,661P_S182_L001_R1_001.fastq,661P_S182_L001_R2_001.fastq,PA4.2Ip,Inter,PA 4.2 Ip-PA 4.15 Ihed,
183,155AP,S183,155AP_S183_L001_R1_001.fastq,155AP_S183_L001_R2_001.fastq,PA4.19Ip,Inter,PA 4.19 Ip-PA 4.2 Ihed,
184,157P,S184,157P_S184_L001_R1_001.fastq,157P_S184_L001_R2_001.fastq,PA4.17Ip,Inter,PA 4.17 Ip-PA 4.12 Ihed,
185,291H,S185,291H_S185_L001_R1_001.fastq,291H_S185_L001_R2_001.fastq,PA4.12Ihed,Inter,PA 4.19 Ip-PA 4.12 Ihed,
186,157H,S186,157H_S186_L001_R1_001.fastq,157H_S186_L001_R2_001.fastq,PA4.12Ihed,Inter,PA 4.17 Ip-PA 4.12 Ihed,
187,141AP,S187,141AP_S187_L001_R1_001.fastq,141AP_S187_L001_R2_001.fastq,PA4.18Ip,Inter,PA 4.18 Ip-PA 4.15 Ihed,
188,151AH,S188,151AH_S188_L001_R1_001.fastq,151AH_S188_L001_R2_001.fastq,PA4.15Ihed,Inter,PA 4.2 Ip-PA 4.15 Ihed,
189,719AP,S189,719AP_S189_L001_R1_001.fastq,719AP_S189_L001_R2_001.fastq,PA4.16Ip,Inter,PA 4.16 Ip-PA 4.2 Ihed,
190,699AP,S190,699AP_S190_L001_R1_001.fastq,699AP_S190_L001_R2_001.fastq,PA4.13Ip,Inter,PA 4.13 Ip-PA 4.2 Ihed,
191,Zymopost_plateD,S191,Zymopost_plateD_S191_L001_R1_001.fastq,Zymopost_plateD_S191_L001_R2_001.fastq,Control,Control,Control,
192,Water_neg_plateD,S192,Water_neg_plateD_S192_L001_R1_001.fastq,Water_neg_plateD_S192_L001_R2_001.fastq,Control,Control,Control,
